found,posted,contract,job,matched,title,company,city,country,remote,salary,site,source,status,notes,url
2026-10-01,2026-09-28,Alternance,Machine Learning,Machine Learning,Alternance ML Software Engineer – ChapsVision,Chapsvision,Paris,France,,,Welcome to the Jungle,,,,https://www.welcometothejungle.com/en-GB/companies/chapsvision/jobs/alternance-ml-software-engineer_paris
2026-10-01,2026-09-28,Alternance,IA,IA,Ingénieure / Ingénieur Qualité IA - Alternance à Toulouse,Capgemini,Toulouse,France,,,Welcome to the Jungle,,,,https://www.welcometothejungle.com/fr/companies/capgemini/jobs/ingenieure-ingenieur-qualite-ia-alternance_toulouse
2026-10-01,2026-09-28,Alternance,IA,IA,Stage Logiciel : Optimisation d'une plateforme d ...,Mbda France Fr,Le Plessis Robinson,France,,,Welcome to the Jungle,,,,https://www.welcometothejungle.com/fr/companies/mbda-france-fr/jobs/stage-logiciel-optimisation-d-une-plateforme-d-apprentissage-machine-et-d-ia-de-confiance-f-h_le-plessis-robinson
2026-10-01,2026-09-30,Alternance,IA,IA,Talent Acquisition Specialist (Alternance) - FRANCE IA,France Ia 1,,France,,,Welcome to the Jungle,,,,https://www.welcometothejungle.com/fr/companies/france-ia-1/jobs/0aa72afb-45dd-427c-a59d-d94c8357f46e
2026-10-01,2026-09-25,Alternance,Data Engineer,Data Engineer,Data Engineer for Cognite Platform (CDF) débutant H/F,Totalenergies,Pau,France,Hybride,,Welcome to the Jungle,,,,https://www.welcometothejungle.com/fr/companies/totalenergies/jobs/data-engineer-for-cognite-platform-cdf-debutant-h-f_pau
2026-10-01,2026-09-25,CDI,Data Scientist,Data Scientist,Data Scientist Marketing F/H - Auchan - CDI à Villeneuve-d'Ascq,Auchan,Villeneuve-d'Ascq,France,,,Welcome to the Jungle,,,,https://www.welcometothejungle.com/fr/companies/auchan/jobs/data-scientist-marketing-f-h_villeneuve-d-ascq
2026-10-01,2026-09-30,Alternance,IA,IA,"Alternance Digital, IA & Employee Experience - Septembre ...",,Paris,France,,,JobTeaser,,,,https://www.jobteaser.com/fr/job-offers/47842d49-2e48-48ff-b518-801acb28c30f-rothschild-co-alternance-digital-ia-employee-experience-septembre-2026
2026-10-01,2026-09-25,Alternance,IA,IA,Alternance - Développeur·se Full-Stack IA (React / Python),,Paris,France,Hybride,,JobTeaser,,,,https://www.jobteaser.com/fr/job-offers/da9c22f5-0ffe-4f0a-ac87-20dffe30899f-flowt-alternance-developpeur-se-full-stack-ia-react-python
2026-10-01,2026-10-01,Alternance,Machine Learning,Machine Learning,Ingénieur Jumeaux Numérique & Machine Learning H/F,,,France,,,JobTeaser,,,,https://www.jobteaser.com/en/job-offers/0a1e802a-85f1-4f1d-a71e-830408cf530e-cetim-alternance-ingenieur-jumeaux-numerique-machine-learning-h-f
2026-10-01,2026-10-01,Alternance,Data,Data,Alternance (1 an) - Data analyste - Analyste quantitatif F/H,,Paris,France,,,JobTeaser,,,,https://www.jobteaser.com/en/job-offers/6e17d6cc-617f-4e9a-bd5a-87a6dc95148f-groupe-bpce-alternance-1-an-data-analyste-analyste-quantitatif-f-h-paris
2026-10-01,2026-10-01,Alternance,Data Engineer,Data Engineer,Data Engineer Governance Apprentice,,Paris,France,Hybride,,JobTeaser,,,,https://www.jobteaser.com/fr/job-offers/09246b95-45d5-4fa5-b164-805b8a45b447-forvia-faurecia-data-engineer-governance-apprentice
2026-10-01,2026-09-29,Alternance,Data Engineer,Data Engineer,Data Engineer (F/H) - en alternance,,Massy,France,Hybride,,JobTeaser,,,,https://www.jobteaser.com/fr/job-offers/87159037-894e-4ed3-a7d6-717916e239b8-carrefour-france-data-engineer-f-h-en-alternance
2026-10-01,2026-09-28,Alternance,Data,Data,VIE - Data Analyst (H/F) - New York,,,France,,,JobTeaser,,,,https://www.jobteaser.com/en/job-offers/8eaf964d-a7f6-40a1-bbf0-a8c4213095f7-hermes-vie-data-analyst-h-f-new-york
2026-10-01,2026-09-30,Alternance,Data,Data,Portfolio Performance and Data - Apprentice,,Issy-les-Moulineaux,France,Hybride,,JobTeaser,,,,https://www.jobteaser.com/fr/job-offers/966b8587-52b1-42b4-a5d2-74f6fd64026c-accor-portfolio-performance-and-data-apprentice
2026-10-01,2026-09-29,Alternance,Data Scientist,Data Scientist,Alternant - Data Science et Plan d'Experiences Modélisation des Procédés de Valorisation du Co2 H/F,Veolia Environnement,Aubervilliers,France,,"492,22 - 1 823,03 € / mois",HelloWork,HelloWork (offres similaires),,,https://www.hellowork.com/fr-fr/emplois/79509178.html
2026-10-01,2026-09-29,Alternance,Data,Data,Data Analyste Import - Alternance H/F,Carrefour,Massy,France,,"492,22 - 1 823,03 € / mois",HelloWork,HelloWork (offres similaires),,,https://www.hellowork.com/fr-fr/emplois/78473766.html
2026-10-01,2026-09-29,Alternance,Data Scientist,Data Scientist,Apprenti Junior Data Scientist H/F,Valeo,Cergy,France,,"492,22 - 1 823,03 € / mois",HelloWork,HelloWork (offres similaires),,,https://www.hellowork.com/fr-fr/emplois/78438455.html
2026-10-01,2026-09-07,Alternance,Ingénieur IA,Ingénieur IA,Alternant Ingénieur IA & Automatisation H/F,Tamgroupe,Moissy-Cramayel,France,,"504,10 € / mois",HelloWork,HelloWork (offres similaires),,,https://www.hellowork.com/fr-fr/emplois/81058649.html
2026-10-01,2026-09-22,Alternance,Data,"AI, Data",Apprenti·e Data & ai Product Builder H/F,Safran,Montereau-sur-le-Jard,France,,"492,22 - 1 823,03 € / mois",HelloWork,HelloWork (offres similaires),,,https://www.hellowork.com/fr-fr/emplois/83644134.html
2026-10-01,2026-09-12,Alternance,IA générative,IA générative,Alternant IA Générative & Automatisation Métiers H/F,Docaposte,Paris,France,,,HelloWork,HelloWork (offres similaires),,,https://www.hellowork.com/fr-fr/emplois/83314028.html
2026-10-01,2026-09-30,Alternance,Data,Data,Alternance - Data Analyst H/F,L'Industrie recrute,Mantes-la-Jolie,France,,"492,22 - 1 823,03 € / mois",HelloWork,HelloWork (offres similaires),,,https://www.hellowork.com/fr-fr/emplois/81880727.html
2026-10-01,2026-09-23,Alternance,IA,IA,Alternance - Chef de Projet Transformation IA & Processus H/F,Elior Group,Créteil,France,,11 411 - 26 539 € / an,HelloWork,HelloWork (offres similaires),,,https://www.hellowork.com/fr-fr/emplois/83677969.html
2026-10-01,2026-10-01,Alternance,Data,Data,Alternance - Ingénieur Etudes et Projets - Data Analyst H/F,Veolia Eau,Puteaux,France,,1 948 - 2 051 € / mois,HelloWork,HelloWork (offres similaires),,,https://www.hellowork.com/fr-fr/emplois/83981557.html
2026-10-01,2026-09-07,Alternance,Data,Data,Alternance - Data Analyste - Analyste Quantitatif - Paris H/F,BPCE SA,Paris,France,,"492,22 - 1 823,03 € / mois",HelloWork,HelloWork (offres similaires),,,https://www.hellowork.com/fr-fr/emplois/76501526.html
2026-10-01,2026-09-14,Alternance,Data,Data,Apprenti·e - Ingénieur·e Data H/F,Safran,Moissy-Cramayel,France,,"492,22 - 1 823,03 € / mois",HelloWork,HelloWork (offres similaires),,,https://www.hellowork.com/fr-fr/emplois/82305592.html
2026-10-01,2026-09-07,Alternance,Data,Data,Apprenti Data Ingénieur H/F,Spie GLOBAL SERVICES ENERGY,Cergy,France,,,HelloWork,HelloWork (offres similaires),,,https://www.hellowork.com/fr-fr/emplois/82130810.html
2026-10-01,2026-10-01,Alternance,IA,IA,Alternance - Chef.Fe de Projet IA & Transformation H/F,Iriig,Lyon,France,,"1 138,88 - 1 456,28 € / mois",HelloWork,HelloWork (page directe),,,https://www.hellowork.com/fr-fr/emplois/83981770.html
2026-10-01,2026-10-01,Alternance,IA,IA,Alternance - Consultant Financement de l'Innovation & IA H/F,Iriig,Lyon,France,,"1 138,88 - 1 456,28 € / mois",HelloWork,HelloWork (page directe),,,https://www.hellowork.com/fr-fr/emplois/83981794.html
2026-10-01,2026-10-01,Alternance,IA,IA,Alternance - Chargé de Projet Marketing Digital & IA H/F,Iriig,Lyon,France,,"1 138,88 - 1 456,28 € / mois",HelloWork,HelloWork (page directe),,,https://www.hellowork.com/fr-fr/emplois/83981823.html
2026-10-01,2026-10-01,Alternance,IA,IA,Alternance - Product Owner IA H/F,Iriig,Lyon,France,,"1 138,88 - 1 456,28 € / mois",HelloWork,HelloWork (page directe),,,https://www.hellowork.com/fr-fr/emplois/83981815.html
2026-10-01,2026-10-01,Alternance,IA,IA,Chargé·e de Projet Intelligence Artificielle - Alternance H/F,Ctre Scientifique Technique du Batiment,Champs-sur-Marne,France,,"492,22 - 1 823,03 € / mois",HelloWork,HelloWork (page directe),,,https://www.hellowork.com/fr-fr/emplois/81910166.html
2026-10-01,2026-10-01,Alternance,Data Scientist,Data Scientist,Alternance -Assistant Data Scientist H/F,Hermes Sellier,Paris,France,,"492,22 - 1 823,03 € / mois",HelloWork,HelloWork (page directe),,,https://www.hellowork.com/fr-fr/emplois/81913338.html
2026-10-01,2026-10-01,Alternance,Data Scientist,Data Scientist,Data Scientist - Niveau de Vie des Personnes Placées Sous Main de Justice H/F,Direction de l'administration pénitentiaire,Paris,France,,"492,22 - 1 823,03 € / mois",HelloWork,HelloWork (page directe),,,https://www.hellowork.com/fr-fr/emplois/79616413.html
2026-10-01,2026-10-01,Alternance,IA,"IA, Data",Alternance - Informatique Big Data et Intelligence Artificielle Référence 2026-108487 H/F,Schneider Electric France,Mâcon,France,,"492,22 - 1 823,03 € / mois",HelloWork,HelloWork (page directe),,,https://www.hellowork.com/fr-fr/emplois/81912822.html
2026-10-01,2026-10-01,Alternance,Data Scientist,"IA, Data Scientist",Data Scientist - IA en Alternance H/F,Septeo,Courbevoie,France,,"492,22 - 1 823,03 € / mois",HelloWork,HelloWork (page directe),,,https://www.hellowork.com/fr-fr/emplois/81913238.html
2026-10-01,2026-09-29,Alternance,Ingénieur IA,Ingénieur IA,Ingénieur Intelligence Artificielle - Alternance H/F,Kaischool,Fontenay-sous-Bois,France,,"492,22 - 1 823,03 € / mois",HelloWork,HelloWork (page directe),,,https://www.hellowork.com/fr-fr/emplois/83909951.html
2026-10-01,2026-09-26,Alternance,Data Engineer,"IA, Data Engineer",Ingénieur Data & IA - Formation Bac+4 en Alternance H/F,EPSI Toulouse,Toulouse,France,,,HelloWork,HelloWork (page directe),,,https://www.hellowork.com/fr-fr/emplois/80613229.html
2026-10-01,2026-09-26,Alternance,Data,"IA, Data",Alternance - Data Architect - Mastere Big Data et IA H/F,Sup de Vinci,Puteaux,France,,"22 404,20 € / an",HelloWork,HelloWork (page directe),,,https://www.hellowork.com/fr-fr/emplois/80613041.html
2026-10-01,2026-09-23,Alternance,Ingénieur IA,Ingénieur IA,Ingénieur IA Industrielle en Alternance H/F,Ecole 18.06,Marckolsheim,France,,"22 404,20 - 23 000 € / an",HelloWork,HelloWork (page directe),,,https://www.hellowork.com/fr-fr/emplois/81611948.html
2026-10-01,2026-09-24,Alternance,IA,"IA, Data",Alternant Data & Intelligence Artificielle H/F,Emova Group,Issy-les-Moulineaux,France,,"492,22 - 1 823,03 € / mois",HelloWork,HelloWork (page directe),,,https://www.hellowork.com/fr-fr/emplois/80512743.html
2026-10-01,2026-09-21,Alternance,IA,IA,Spécialiste en Conception et Déploiement de Solutions IA - Alternance H/F,REDSUP,Clichy,France,,"12,31 € / heure",HelloWork,HelloWork (page directe),,,https://www.hellowork.com/fr-fr/emplois/79218977.html
2026-10-01,2026-09-17,Alternance,IA,IA,Spécialiste en Conception et Déploiement de Solutions IA - Alternance H/F,REDSUP,Clichy,France,,15 000 € / an,HelloWork,HelloWork (page directe),,,https://www.hellowork.com/fr-fr/emplois/83493686.html
2026-10-01,2026-09-17,Alternance,IA,IA,Spécialiste en Conception et Déploiement de Solutions IA - Alternance H/F,REDSUP,Paris,France,,15 000 € / an,HelloWork,HelloWork (page directe),,,https://www.hellowork.com/fr-fr/emplois/83493690.html
2026-10-01,2026-09-17,Alternance,Machine Learning,Machine Learning,Alternant Machine Learning Engineer - Bac+¾ - Lyon H/F,NEXA Digital School,Lyon,France,,800 - 1 500 € / mois,HelloWork,HelloWork (page directe),,,https://www.hellowork.com/fr-fr/emplois/81401207.html
2026-10-01,2026-09-28,Alternance,Ingénieur IA,Ingénieur IA,Offre d'Alternance en Apprentissage ai Engineer H/F,Ecole 18.06,Nice - Molsheim,France,,,HelloWork,HelloWork (page directe),,,https://www.hellowork.com/fr-fr/emplois/81815592.html
2026-10-01,2026-09-15,Alternance,IA,"IA, Data Scientist",Apprenti·e en Data Science et Intelligence Artificielle H/F,École Nationale des Greffes,Dijon,France,,"492,22 - 1 823,03 € / mois",HelloWork,HelloWork (page directe),,,https://www.hellowork.com/fr-fr/emplois/81302813.html
2026-10-01,2026-09-10,Alternance,Data,Data,Alternance Data Analyse · Bac+4 à Bac+5 · Lyon H/F,NEXA Digital School,Auvergne-Rhône-Alpes,France,,"21 876,40 € / an",HelloWork,HelloWork (page directe),,,https://www.hellowork.com/fr-fr/emplois/79957440.html
2026-10-01,,Alternance,Ingénieur IA,Ingénieur IA,Alternance - Ingénieur Intelligence Artificielle H/F,Aledia,Champagnier,France,,"492,22 - 1 823,03 € / mois",HelloWork,HelloWork (page directe),,,https://www.hellowork.com/fr-fr/emplois/80595724.html
2026-10-01,2026-10-01,Alternance,IA,IA,Chargé d'Études IA H/F,Sup de Vinci,Nouvelle-Aquitaine,France,,,HelloWork,HelloWork (page directe),,,https://www.hellowork.com/fr-fr/emplois/78584119.html
2026-10-01,2026-10-01,Alternance,IA,IA,Chargé ou Chargée d'Affaire Intelligence Artificielle en Apprentissage H/F,Agence Nationale de la Recherche,Paris,France,,"492,22 - 1 823,03 € / mois",HelloWork,HelloWork (page directe),,,https://www.hellowork.com/fr-fr/emplois/79615479.html
2026-10-01,2026-10-01,Alternance,IA,IA,Alternance - Informatique - Intelligence Artificielle H/F,Eiffage Energie Systemes - Gestion & Developpement,Vélizy-Villacoublay,France,,"492,22 - 1 823,03 € / mois",HelloWork,HelloWork (page directe),,,https://www.hellowork.com/fr-fr/emplois/81910183.html
2026-10-01,2026-10-01,Alternance,IA,IA,Alternant Chef de Projet IA RH H/F,Regie Autonome des Transports Parisiens,Paris,France,,"492,22 - 1 823,03 € / mois",HelloWork,HelloWork (page directe),,,https://www.hellowork.com/fr-fr/emplois/81911731.html
2026-10-01,2026-09-29,Alternance,IA,IA,Alternance IA · Bac+3 à Bac+5 · Lyon H/F,NEXA Digital School,Lyon,France,,,HelloWork,HelloWork (page directe),,,https://www.hellowork.com/fr-fr/emplois/81845256.html
2026-10-01,2026-09-27,Alternance,IA,IA,Alternance Consultant Business & IA H/F,Immersia,Levallois-Perret,France,,"492,22 - 1 823,03 € / mois",HelloWork,HelloWork (page directe),,,https://www.hellowork.com/fr-fr/emplois/82746683.html
2026-10-01,2026-09-26,Alternance,IA générative,IA générative,Alternant - Adoption IA Générative & Microsoft Copilot H/F,INTED GROUP (IEG),Champs-sur-Marne,France,,"1 867,02 € / mois",HelloWork,HelloWork (page directe),,,https://www.hellowork.com/fr-fr/emplois/82696864.html
2026-10-01,2026-09-24,Alternance,IA,IA,Alternant Intelligence Artificielle H/F,AHG Ateliers de la Haute Garonne,Flourens,France,,,HelloWork,HelloWork (page directe),,,https://www.hellowork.com/fr-fr/emplois/83714858.html
2026-10-01,2026-09-24,Alternance,IA,IA,Alternant en Acculturation et Déploiement de l'IA Souveraine de l'Assurance Maladie H/F,Lasecurecrute.fr,La Rochelle,France,,"492,22 - 1 823,03 € / mois",HelloWork,HelloWork (page directe),,,https://www.hellowork.com/fr-fr/emplois/83735215.html
2026-10-01,2026-09-22,Alternance,IA,IA,Alternance Chef de Projet Transformation IA et Processus - Créteil H/F,ISCOD,Créteil,France,,"492,22 - 1 823,03 € / mois",HelloWork,HelloWork (page directe),,,https://www.hellowork.com/fr-fr/emplois/83651384.html
2026-10-01,2026-10-01,Alternance,IA,IA,Alternance Développeur Full Stack & IA - Poucharramet H/F,ISCOD,Poucharramet,France,,"492,22 - 1 823,03 € / mois",HelloWork,HelloWork (page directe),,,https://www.hellowork.com/fr-fr/emplois/83982262.html
2026-10-01,2026-10-01,Alternance,Data,Data,Alternance Transformation Digitale Data et Migration CRM - Montreuil H/F,ISCOD,Montreuil,France,,"492,22 - 1 823,03 € / mois",HelloWork,HelloWork (page directe),,,https://www.hellowork.com/fr-fr/emplois/83982320.html
2026-10-01,2026-10-01,Alternance,Data Engineer,Data Engineer,Ingénieur Data - DevOps en Alternance H/F,LACROIXSAVAC,Paris,France,,,HelloWork,HelloWork (page directe),,,https://www.hellowork.com/fr-fr/emplois/83967596.html
2026-10-01,2026-10-01,Alternance,Data,Data,Alternance - Data Analyst H/F,MBWAY Lille,Marcq-en-Barœul,France,,"504,10 - 1 867,02 € / mois",HelloWork,HelloWork (page directe),,,https://www.hellowork.com/fr-fr/emplois/83966879.html
2026-10-01,2026-10-01,Alternance,Data,"AI, Data",Alternance Data Analytics & ai H/F,Spie Operations,Cergy,France,,"492,22 - 1 823,03 € / mois",HelloWork,HelloWork (page directe),,,https://www.hellowork.com/fr-fr/emplois/81913323.html
2026-10-01,2026-10-01,Alternance,IA,IA,Apprenti- Juriste Spécialisé en Intelligence Artificielle H/F,Direction Générale de la Gendarmerie Nationale,Issy-les-Moulineaux,France,,"492,22 - 1 823,03 € / mois",HelloWork,HelloWork (page directe),,,https://www.hellowork.com/fr-fr/emplois/81910261.html
2026-10-01,2026-09-29,Alternance,Data Engineer,"AI, Data Engineer",Alternance - Ai - Data Engineer - Data Factory - Mode - Septembre 2026 H/F,Chanel,Paris,France,,"492,22 - 1 823,03 € / mois",HelloWork,HelloWork (page directe),,,https://www.hellowork.com/fr-fr/emplois/79500408.html
2026-10-01,2026-10-01,Alternance,Data,Data,Alternance - Data Analyst - Lille - 59 H/F,Studi CFA,Lille,France,,"492,22 - 1 823,03 € / mois",HelloWork,HelloWork (page directe),,,https://www.hellowork.com/fr-fr/emplois/79653930.html
2026-10-01,2026-09-30,Alternance,Data,Data,Alternance Technicien Data - Data Management ERP - Signes H/F,ISCOD,Signes,France,,"492,22 - 1 823,03 € / mois",HelloWork,HelloWork (page directe),,,https://www.hellowork.com/fr-fr/emplois/83914869.html
2026-10-01,2026-10-01,Alternance,Data,Data,Data Analyst - Analyste de Données H/F,Arseaa,Toulouse,France,,"492,22 - 1 823,03 € / mois",HelloWork,HelloWork (page directe),,,https://www.hellowork.com/fr-fr/emplois/81910435.html
2026-10-01,2026-09-30,Alternance,Data,Data,Assistant Data en Alternance H/F,Agrial,Cesson-Sévigné,France,,"492,22 - 1 823,03 € / mois",HelloWork,HelloWork (page directe),,,https://www.hellowork.com/fr-fr/emplois/81885765.html
2026-10-01,2026-10-01,Alternance,Data,Data,Purchasing Data Analyst Apprentice Job Purpose Key Responsibilities H/F,OPmobility,Levallois-Perret,France,,"492,22 - 1 823,03 € / mois",HelloWork,HelloWork (page directe),,,https://www.hellowork.com/fr-fr/emplois/83960275.html
2026-10-01,2026-10-01,Alternance,Data Engineer,Data Engineer,Apprenti Data Engineer - Data Analyst H/F,Agence nationale de l'habitat,Paris,France,,"492,22 - 1 823,03 € / mois",HelloWork,HelloWork (page directe),,,https://www.hellowork.com/fr-fr/emplois/81913270.html
2026-10-01,2026-10-01,Alternance,Data Engineer,Data Engineer,Apprenti Data Engineer H/F,Sga/Dtpm,Paris,France,,"492,22 - 1 823,03 € / mois",HelloWork,HelloWork (page directe),,,https://www.hellowork.com/fr-fr/emplois/79615924.html
2026-10-01,2026-10-01,Alternance,Data,Data,Alternance - Assistant Data Référentiel H/F,Hermes Sellier,Paris,France,,"492,22 - 1 823,03 € / mois",HelloWork,HelloWork (page directe),,,https://www.hellowork.com/fr-fr/emplois/81911758.html
2026-10-01,2026-10-01,Alternance,Data,Data,Alternant-Chargé d'Études Data - Business H/F,Groupama Assurances Mutuelles,Paris,France,,1 200 - 2 000 € / mois,HelloWork,HelloWork (page directe),,,https://www.hellowork.com/fr-fr/emplois/79609794.html
2026-10-01,2026-10-01,Alternance,Data,Data,Alternance - Data Analyst Credit Risk H/F,Younited,Paris,France,,"492,22 - 1 823,03 € / mois",HelloWork,HelloWork (page directe),,,https://www.hellowork.com/fr-fr/emplois/81912613.html
2026-10-01,2026-10-01,Alternance,Data,Data,Apprenti Analyste de Données - Data Analyst H/F,Agence nationale de traitement automatisé des infractions,Rennes,France,,"492,22 - 1 823,03 € / mois",HelloWork,HelloWork (page directe),,,https://www.hellowork.com/fr-fr/emplois/81911690.html
2026-10-01,2026-09-29,Alternance,Data Engineer,Data Engineer,Data Engineer - en Alternance H/F,Carrefour,Massy,France,,1 200 € / mois,HelloWork,HelloWork (page directe),,,https://www.hellowork.com/fr-fr/emplois/83892083.html
2026-10-01,2026-09-29,Alternance,Data,Data,Data Specialist Junior H/F,Vulcain Engineering Group,Neuilly-sur-Seine,France,,,HelloWork,HelloWork (page directe),,,https://www.hellowork.com/fr-fr/emplois/80733348.html
2026-10-01,2026-09-16,Alternance,IA,IA,Alternance Software Engineer IA & Backend - Paris H/F,ISCOD,Paris,France,,"492,22 - 1 823,03 € / mois",HelloWork,HelloWork (liste via Google),,,https://www.hellowork.com/fr-fr/emplois/83412637.html
2026-10-01,2026-09-15,Alternance,IA,IA,Alternance Développeur - IA & Automatisation H/F,Docaret,Rueil-Malmaison,France,,"492,22 - 1 823,03 € / mois",HelloWork,HelloWork (liste via Google),,,https://www.hellowork.com/fr-fr/emplois/81298068.html
2026-10-01,2026-09-15,Alternance,IA,IA,Vo2 Group - Alternance Recherche et Développement IA H/F,VO2 Group,Paris,France,,"492,22 - 1 823,03 € / mois",HelloWork,HelloWork (liste via Google),,,https://www.hellowork.com/fr-fr/emplois/83405866.html
2026-10-01,2026-09-22,Alternance,IA,IA,Alternance Robotisation et Intelligence Artificielle - Créteil H/F,ISCOD,Créteil,France,,"492,22 - 1 823,03 € / mois",HelloWork,HelloWork (liste via Google),,,https://www.hellowork.com/fr-fr/emplois/83651319.html
2026-10-01,2026-09-15,Alternance,IA,IA,Spécialiste en Conception et Déploiement de Solutions IA - Alternance H/F,REDSUP,Clichy,France,,"12,31 € / heure",HelloWork,HelloWork (liste via Google),,,https://www.hellowork.com/fr-fr/emplois/81315379.html
2026-10-01,2026-09-07,Alternance,IA,IA,Alternance - Assistant IA et Transformation Digitale H/F,Studi CFA,Saint-Ouen-sur-Seine,France,,"492,22 - 1 823,03 € / mois",HelloWork,HelloWork (liste via Google),,,https://www.hellowork.com/fr-fr/emplois/79812074.html
2026-10-01,2026-09-16,Alternance,IA,IA,Alternance Chef de Projet IA - Nanterre H/F,ISCOD,Nanterre,France,,"492,22 - 1 823,03 € / mois",HelloWork,HelloWork (liste via Google),,,https://www.hellowork.com/fr-fr/emplois/83412616.html
2026-10-01,2026-10-01,CDI,Machine Learning,Machine Learning,Open-Source Machine Learning Engineer - EMEA Remote H/F,Hugging Face,Paris,France,Remote,,HelloWork,HelloWork (liste via Google),,,https://www.hellowork.com/fr-fr/emplois/79596906.html
2026-10-01,2026-09-30,CDI,Machine Learning,Machine Learning,Experienced Machine Learning Engineer - Spain Spanish Speaking H/F,Doctrine,Paris,France,,,HelloWork,HelloWork (liste via Google),,,https://www.hellowork.com/fr-fr/emplois/83921567.html
2026-10-01,2026-09-29,CDI,Machine Learning,"IA, Machine Learning, MLOps",Machine Learning Engineer - Déploiement IA & MLOps H/F,Exalt Lyon,Lyon,France,,40 000 - 60 000 € / an,HelloWork,HelloWork (liste via Google),,,https://www.hellowork.com/fr-fr/emplois/83889088.html
2026-10-01,2026-09-29,CDI,Machine Learning,"IA, Machine Learning",Ingénieur Machine Learning IA H/F,Aramis,Arcueil,France,,35 000 - 50 000 € / an,HelloWork,HelloWork (liste via Google),,,https://www.hellowork.com/fr-fr/emplois/83889876.html
2026-10-01,2026-09-26,CDI,Machine Learning,Machine Learning,Machine Learning Engineer H/F,Octime,Biron,France,,,HelloWork,HelloWork (liste via Google),,,https://www.hellowork.com/fr-fr/emplois/83786647.html
2026-10-01,2026-09-24,CDI,Machine Learning,Machine Learning,Machine Learning Engineer H/F,Ubisoft,Paris,France,,,HelloWork,HelloWork (liste via Google),,,https://www.hellowork.com/fr-fr/emplois/74840944.html
2026-10-01,2026-09-24,CDI,Machine Learning,"Machine Learning, Data Scientist, NLP",Machine Learning Engineer Data Scientist Nlp H/F,Octopus IT,Paris,France,,60 000 - 80 000 € / an,HelloWork,HelloWork (liste via Google),,,https://www.hellowork.com/fr-fr/emplois/83729876.html
2026-10-01,2026-09-23,CDI,Machine Learning,Machine Learning,Machine Learning Engineer H/F,Navalia Executive Search,Villeneuve-d'Ascq,France,,45 000 - 60 000 € / an,HelloWork,HelloWork (liste via Google),,,https://www.hellowork.com/fr-fr/emplois/83675765.html
2026-10-01,2026-09-26,CDI,Machine Learning,"Machine Learning, MLOps",Ingénieur Machine Learning - MLOps H/F - Assystem,"Assystem, super recruteur",,France,,35 000 - 53 000 € / an,HelloWork,HelloWork (liste via Google),,,https://www.hellowork.com/fr-fr/emplois/79403942.html
2026-10-01,2026-09-24,CDI,Machine Learning,Machine Learning,Experienced - Senior Machine Learning Engineer - Squad Distribute H/F,Doctrine,Paris,France,,,HelloWork,HelloWork (liste via Google),,,https://www.hellowork.com/fr-fr/emplois/77135689.html
2026-10-01,2026-09-24,CDI,Machine Learning,Machine Learning,Machine Learning Engineer Intern - Paris - January 2027 H/F,Pernod Ricard,Paris,France,,,HelloWork,HelloWork (liste via Google),,,https://www.hellowork.com/fr-fr/emplois/83702585.html
2026-10-01,2026-09-22,CDI,Machine Learning,Machine Learning,Machine Learning Engineer H/F,Klanik,Lille,France,,45 000 - 55 000 € / an,HelloWork,HelloWork (liste via Google),,,https://www.hellowork.com/fr-fr/emplois/83621429.html
2026-10-01,2026-09-23,CDI,Machine Learning,Machine Learning,Senior Machine Learning Engineer - M - W H/F,Manomano,Paris,France,,,HelloWork,HelloWork (liste via Google),,,https://www.hellowork.com/fr-fr/emplois/83657536.html
2026-10-01,2026-09-25,CDI,AI,"AI, Machine Learning",Ai - Ml Engineer H/F,Bluethink,Paris,France,,65 000 - 85 000 € / an,HelloWork,HelloWork (liste via Google),,,https://www.hellowork.com/fr-fr/emplois/83765970.html
2026-10-01,2026-09-23,CDI,Machine Learning,Machine Learning,Ingénieur Machine Learning Senior H/F,The Human Link,Aix-en-Provence,France,,40 000 - 55 000 € / an,HelloWork,HelloWork (liste via Google),,,https://www.hellowork.com/fr-fr/emplois/83681854.html
2026-10-01,2026-09-25,CDI,AI,"AI, Machine Learning",Senior Ai - Ml Engineer H/F,Artefact,Paris,France,,,HelloWork,HelloWork (liste via Google),,,https://www.hellowork.com/fr-fr/emplois/83755356.html
2026-10-01,2026-08-31,Alternance,IA,IA,Offre Emploi Alternance Développeur IA Python Paris (75),,Paris,France,,,HelloWork,Google,,,https://www.hellowork.com/fr-fr/emplois/81928437.html
2026-10-01,2026-09-17,Alternance,Machine Learning,Machine Learning,Alternant Machine Learning Engineer,,,France,,,HelloWork,Google,,,https://www.hellowork.com/fr-fr/emplois/81401230.html
2026-10-01,,Alternance,Data Engineer,Data Engineer,Data Engineer Junior - Alternance H/F Digital School of Paris,,Paris,France,,,HelloWork,Google,,,https://www.hellowork.com/fr-fr/emplois/79509182.html
2026-10-01,2026-09-03,Alternance,IA,IA,Alternant Robotisation et Intelligence Artificielle H/F Elior,,,France,,,HelloWork,Google,,,https://www.hellowork.com/fr-fr/emplois/82988263.html
2026-10-01,,Alternance,Data Scientist,"IA, Data Scientist",Data Scientist en Alternance - IA & Data Science - Orano-2,Orano 2,,France,,,L'Etudiant,Google,,,https://jobs-stages.letudiant.fr/entreprises/orano-2/offres/data-scientist-en-alternance-ia-data-science-chatillon-france
2026-10-01,2026-10-01,CDI,Machine Learning,"Machine Learning, Data Scientist",Data Scientist - Machine Learning H/F,Techteam,Saint-Étienne,France,,,HelloWork,HelloWork (liste via Google),,,https://www.hellowork.com/fr-fr/emplois/83965808.html
2026-10-01,2026-10-01,CDI,Machine Learning,"Machine Learning, Data",DevOps - Data & Machine Learning H/F - Celad,"Celad, super recruteur",,France,,40 000 - 48 000 € / an,HelloWork,HelloWork (liste via Google),,,https://www.hellowork.com/fr-fr/emplois/83967063.html
2026-10-01,2026-10-01,CDI,Data Scientist,Data Scientist,Data Scientist Confirmé H/F,CGI,Paris,France,,,HelloWork,HelloWork (liste via Google),,,https://www.hellowork.com/fr-fr/emplois/83985306.html
2026-10-01,2026-10-01,CDI,IA,IA,Architecte Infrastructure IA H/F,Accenture France,Paris,France,,,HelloWork,HelloWork (liste via Google),,,https://www.hellowork.com/fr-fr/emplois/83981943.html
2026-10-01,2026-10-01,CDD,IA,IA,Post-Doctorant·e en Intelligence Artificielle Informée par la Physique pour la Modélisation Hydrogéologique - CDD - Imt Mines Alès H/F,IMT Mines Alès,Alès,France,,35 542 € / an,HelloWork,HelloWork (liste via Google),,,https://www.hellowork.com/fr-fr/emplois/83981243.html
2026-10-01,2026-10-01,CDD,Data Scientist,Data Scientist,CDD - Data Scientist H/F - Crédit Agricole d'Ile de France,"Crédit Agricole d'Ile de France, super recruteur",,France,,36 000 € / an,HelloWork,HelloWork (liste via Google),,,https://www.hellowork.com/fr-fr/emplois/83977728.html
2026-10-01,2026-10-01,CDI,Machine Learning,"Machine Learning, Data Engineer",Data Engineer - Machine Learning - # H/F,Astek,Lille,France,,35 000 € / an,HelloWork,HelloWork (liste via Google),,,https://www.hellowork.com/fr-fr/emplois/68479261.html
2026-10-01,2026-09-24,Alternance,Data Scientist,Data Scientist,Apprenti Data Scientist H/F,Sga/Dtpm,Paris,France,,"492,22 - 1 823,03 € / mois",HelloWork,HelloWork (liste via Google),,,https://www.hellowork.com/fr-fr/emplois/78302514.html
2026-10-01,2026-09-24,Alternance,Data Scientist,Data Scientist,Apprenti - Data Scientist Appliqué à la Vision par Ordinateur H/F,Agence du numérique des forces de sécurité intérieure - ANFSI,Issy-les-Moulineaux,France,,"492,22 - 1 823,03 € / mois",HelloWork,HelloWork (liste via Google),,,https://www.hellowork.com/fr-fr/emplois/78301439.html
2026-10-01,2026-09-20,Alternance,Data,Data,Alternance Data & Tech International - Levallois-Perret H/F,ISCOD,Levallois-Perret,France,,"492,22 - 1 823,03 € / mois",HelloWork,HelloWork (liste via Google),,,https://www.hellowork.com/fr-fr/emplois/82508635.html
2026-10-01,2026-09-15,Alternance,Data Scientist,"IA, Data Scientist",Alternant Développement IA & Data Scientist H/F,Aubert & Duval,Les Ancizes-Comps,France,,"492,22 - 1 823,03 € / mois",HelloWork,HelloWork (liste via Google),,,https://www.hellowork.com/fr-fr/emplois/83401742.html
2026-10-01,2026-09-15,Alternance,Data Scientist,Data Scientist,Data Scientist H/F,MI Secrétariat général,Paris,France,,"492,22 - 1 823,03 € / mois",HelloWork,HelloWork (liste via Google),,,https://www.hellowork.com/fr-fr/emplois/81297372.html
2026-10-01,2026-09-15,Alternance,Data,"IA, Data",Apprenti Data IA H/F,Etat-major des armées,Paris,France,,"492,22 - 1 823,03 € / mois",HelloWork,HelloWork (liste via Google),,,https://www.hellowork.com/fr-fr/emplois/81303451.html
2026-10-01,2026-09-04,Alternance,Data Scientist,Data Scientist,Data Scientist - Santé Numérique Alternance H/F,aivancity,Nice,France,,2 958 € / mois,HelloWork,HelloWork (liste via Google),,,https://www.hellowork.com/fr-fr/emplois/83032366.html
2026-10-01,2026-10-01,Alternance,IA générative,"IA générative, NLP",Apprenti·e Ingénieur·e Nlp & IA Générative H/F,Aix-Marseille Université,Marseille,France,,"492,22 - 1 823,03 € / mois",HelloWork,HelloWork (liste via Google),,,https://www.hellowork.com/fr-fr/emplois/81912973.html
2026-10-01,,Alternance,Data Engineer,Data Engineer,Apprenti·e Data Engineer H/F H3 Campus,,,France,,,HelloWork,Google,,,https://www.hellowork.com/fr-fr/emplois/78828866.html
2026-10-01,2026-09-28,Alternance,Data,Data,ASSISTANT(E) BUSINESS DATA ANALYST H/F - Omnicom ...,Omnicom Media,Boulogne-Billancourt,France,,,Welcome to the Jungle,Google,,,https://www.welcometothejungle.com/fr/companies/omnicom-media/jobs/alternance-assistant-e-business-data-analyst-h-f_boulogne-billancourt
2026-10-01,2026-09-25,CDI,Ingénieur IA,Ingénieur IA,AI Engineer - Société Générale - CDI à La Défense,Societe Generale,yMVpdM2,France,,,Welcome to the Jungle,Google,,,https://www.welcometothejungle.com/fr/companies/societe-generale/jobs/ai-engineer_la-defense_SG_yMVpdM2
2026-10-01,2026-10-01,Alternance,IA,IA,Alternance chargé(e) de Projet IA RH F/H,,La Défense,France,,,JobTeaser,Google,,,https://www.jobteaser.com/fr/job-offers/b1191842-4623-4c9b-8148-38d9c612daa5-vinci-concessions-alternance-charge-e-de-projet-ia-rh-f-h
2026-10-01,2026-10-01,Alternance,IA,IA,Alternnat Programme IA H/F,,,France,Hybride,,JobTeaser,Google,,,https://www.jobteaser.com/fr/job-offers/fec0e2b3-fa32-402e-9a9e-1f1c81a5b85e-mutuelle-nationale-des-hospitaliers-mnh-alternnat-programme-ia-h-f
2026-10-01,2026-09-08,Alternance,Data,"IA, Data",Data Analyst - IA H/F,Docaposte,Ivry-sur-Seine,France,,,HelloWork,HelloWork (offres similaires),,,https://www.hellowork.com/fr-fr/emplois/83145709.html
2026-10-01,2026-09-30,Alternance,Data Engineer,Data Engineer,Data Engineer - Alternance H/F,Kaischool,Fontenay-sous-Bois,France,,"492,22 - 1 823,03 € / mois",HelloWork,HelloWork (page directe): France - Data Engineer,,,https://www.hellowork.com/fr-fr/emplois/83915746.html
2026-10-01,2026-09-20,Alternance,Data Engineer,Data Engineer,Alternance - Data Engineer H/F,Studi CFA,Lyon,France,,"492,22 - 1 823,03 € / mois",HelloWork,HelloWork (page directe): France - Data Engineer,,,https://www.hellowork.com/fr-fr/emplois/79167965.html
2026-10-01,2026-09-18,Alternance,Data Engineer,Data Engineer,Alternance - Data Engineer - Bac+4 - +5 H/F,Sup de Vinci,Nantes,France,,"1 867,02 € / mois",HelloWork,HelloWork (page directe): France - Data Engineer,,,https://www.hellowork.com/fr-fr/emplois/83535892.html
2026-10-01,2026-09-17,Alternance,Data Engineer,Data Engineer,Alternant Data Engineer H/F,NEXA Digital School,Bordeaux,France,,,HelloWork,HelloWork (page directe): France - Data Engineer,,,https://www.hellowork.com/fr-fr/emplois/81396431.html
2026-10-01,2026-09-15,Alternance,Data Engineer,Data Engineer,Alternant·e Data Engineer Toulouse H/F,ILEK,Toulouse,France,,"492,22 - 1 823,03 € / mois",HelloWork,HelloWork (page directe): France - Data Engineer,,,https://www.hellowork.com/fr-fr/emplois/81302756.html
2026-10-01,2026-09-14,Alternance,Data Engineer,Data Engineer,Apprenti Data Engineer H/F,Siège de l'AP-HP,Paris,France,,5 000 - 22 000 € / an,HelloWork,HelloWork (page directe): France - Data Engineer,,,https://www.hellowork.com/fr-fr/emplois/79044915.html
2026-10-01,2026-09-08,Alternance,Data Engineer,Data Engineer,Data Engineer Junior - Alternance H/F,Digital School of Paris,Levallois-Perret,France,,,HelloWork,HelloWork (page directe): France - Data Engineer,,,https://www.hellowork.com/fr-fr/emplois/79903982.html
2026-10-01,2026-09-04,Alternance,Data Engineer,Data Engineer,Data Engineer - Alternance H/F,aivancity,Villejuif,France,,"954,50 - 1 823,03 € / mois",HelloWork,HelloWork (page directe): France - Data Engineer,,,https://www.hellowork.com/fr-fr/emplois/83032311.html
2026-10-01,2026-09-04,Alternance,Data Engineer,Data Engineer,Data Engineer - Conseil Alternance H/F,aivancity,Villejuif,France,,"954,50 - 1 801,80 € / mois",HelloWork,HelloWork (page directe): France - Data Engineer,,,https://www.hellowork.com/fr-fr/emplois/83032433.html
2026-10-01,2026-09-04,Alternance,Data Engineer,Data Engineer,Data Engineer - BTP Alternance H/F,aivancity,Villejuif,France,,"954,50 - 1 801,80 € / mois",HelloWork,HelloWork (page directe): France - Data Engineer,,,https://www.hellowork.com/fr-fr/emplois/83032420.html
2026-10-01,2026-09-04,Alternance,Data Engineer,Data Engineer,Data Engineer - Aéronautique Alternance H/F,aivancity,Villejuif,France,,"954,50 - 1 823,03 € / mois",HelloWork,HelloWork (page directe): France - Data Engineer,,,https://www.hellowork.com/fr-fr/emplois/83032331.html
2026-10-01,2026-09-04,Alternance,Data Engineer,Data Engineer,Data Engineer - Finance Alternance H/F,aivancity,Villejuif,France,,"954,50 - 1 823,03 € / mois",HelloWork,HelloWork (page directe): France - Data Engineer,,,https://www.hellowork.com/fr-fr/emplois/83032305.html
2026-10-01,2026-09-02,Alternance,Data Engineer,Data Engineer,Alternance - Data Engineer - Montpellier H/F,EPSI Montpellier,Montpellier,France,,,HelloWork,HelloWork (page directe): France - Data Engineer,,,https://www.hellowork.com/fr-fr/emplois/82958999.html
2026-10-01,2026-09-22,Alternance,Data Engineer,"IA, Data Engineer",Alternance Data Engineer IA & Monitoring - Aix-En-Provence H/F,ISCOD,Aix-en-Provence,France,,"492,22 - 1 823,03 € / mois",HelloWork,HelloWork (page directe): France - Data Engineer,,,https://www.hellowork.com/fr-fr/emplois/83651352.html
2026-10-01,2026-09-16,CDI,MLOps,MLOps,Offre Emploi CDI Ingénieur MLOps Strasbourg (67),,Strasbourg,France,,,HelloWork,Google,,,https://www.hellowork.com/fr-fr/emplois/83447637.html
